<built-in method title of str object at 0x77409c0c87e0> y3k T-Shirt's Size M in New condition,20.3€,"

♦️  Brand: <built-in method title of str object at 0x77409c0c87e0> | Please check measurements in photos for size. Open to offers!
♦️  Condition: New
♦️  Size: M
♦️  Details: (optional) Any additional details worth informing buyers:
♦️  Style: y3k

Fast dispatch, smoke-free home, bundle for a 10% discount on postage 📦!

#y3k #Skerries #Ireland #Dublin #dublinvinted #preloved #vintagestyle #<built-in method title of str object at 0x77409c0c87e0> #T-Shirt #M"
