<built-in method title of str object at 0x7063623cc780> Y3k Fling's Size M in New condition,30.03€,"

♦️  Brand: <built-in method title of str object at 0x7063623cc780> | Please check measurements in photos for size. Open to offers!
♦️  Condition: New
♦️  Size: M
♦️  Details: (optional) Any additional details worth informing buyers:
♦️  Style: Y3k

Fast dispatch, smoke-free home, bundle for a 10% discount on postage 📦!

#Y3k #Skerries #Ireland #Dublin #dublinvinted #preloved #vintagestyle #<built-in method title of str object at 0x7063623cc780> #Fling #M"
